<Objs Version="1.1.0.1" xmlns="http://schemas.microsoft.com/powershell/2004/04">
  <Obj RefId="0">
    <TN RefId="0">
      <T>Microsoft.PowerShell.Commands.PSRepositoryItemInfo</T>
      <T>System.Management.Automation.PSCustomObject</T>
      <T>System.Object</T>
    </TN>
    <MS>
      <S N="Name">HPEiLOCmdlets</S>
      <Version N="Version">3.3.0.0</Version>
      <S N="Type">Module</S>
      <S N="Description">Scripting Tools for Windows PowerShell : iLO Cmdlets uses the RIBCL and Redfish interface to communicate to iLO. These cmdlets can be used to configure and manage iLO on HPE ProLiant Gen9, Gen10 or Gen10 Plus servers.</S>
      <S N="Author">Hewlett Packard Enterprise Co.</S>
      <S N="CompanyName">HPE_Powershell</S>
      <S N="Copyright">© Copyright 2013-2022 Hewlett Packard Enterprise Development, L.P. All rights reserved.</S>
      <DT N="PublishedDate">2022-07-23T08:29:44+05:30</DT>
      <Obj N="InstalledDate" RefId="1">
        <DT>2022-11-24T12:55:49.3438604+05:30</DT>
        <MS>
          <Obj N="DisplayHint" RefId="2">
            <TN RefId="1">
              <T>Microsoft.PowerShell.Commands.DisplayHintType</T>
              <T>System.Enum</T>
              <T>System.ValueType</T>
              <T>System.Object</T>
            </TN>
            <ToString>DateTime</ToString>
            <I32>2</I32>
          </Obj>
        </MS>
      </Obj>
      <Nil N="UpdatedDate" />
      <URI N="LicenseUri">http://www.hpe.com/software/SWLicensing</URI>
      <URI N="ProjectUri">https://www.hpe.com/servers/powershell</URI>
      <Nil N="IconUri" />
      <Obj N="Tags" RefId="3">
        <TN RefId="2">
          <T>System.Object[]</T>
          <T>System.Array</T>
          <T>System.Object</T>
        </TN>
        <LST>
          <S>Hewlett</S>
          <S>Packard</S>
          <S>Enterprise</S>
          <S>HPEiLOCmdlets</S>
          <S>HPE</S>
          <S>iLO</S>
          <S>iLOCmdlets</S>
          <S>ProLiant</S>
          <S>RIBCL</S>
          <S>Redfish</S>
          <S>PSModule</S>
        </LST>
      </Obj>
      <Obj N="Includes" RefId="4">
        <TN RefId="3">
          <T>System.Collections.Hashtable</T>
          <T>System.Object</T>
        </TN>
        <DCT>
          <En>
            <S N="Key">Cmdlet</S>
            <Obj N="Value" RefId="5">
              <TNRef RefId="2" />
              <LST>
                <S>Add-HPEiLODirectoryGroup</S>
                <S>Add-HPEiLOFederationGroup</S>
                <S>Add-HPEiLOInstallationQueueWaitTask</S>
                <S>Add-HPEiLOInstallSet</S>
                <S>Add-HPEiLOLanguagePack</S>
                <S>Add-HPEiLOMaintenanceWindow</S>
                <S>Add-HPEiLORepositoryComponent</S>
                <S>Add-HPEiLOSNMPAlertDestination</S>
                <S>Add-HPEiLOSNMPv3User</S>
                <S>Add-HPEiLOSSORecord</S>
                <S>Add-HPEiLOUser</S>
                <S>Backup-HPEiLOSetting</S>
                <S>Clear-HPEiLOAHSData</S>
                <S>Clear-HPEiLOESKMLog</S>
                <S>Clear-HPEiLOEventLog</S>
                <S>Clear-HPEiLOHotKeyConfig</S>
                <S>Clear-HPEiLOIML</S>
                <S>Clear-HPEiLOInstallationTaskQueue</S>
                <S>Clear-HPEiLOInstallSet</S>
                <S>Clear-HPEiLOMaintenanceWindow</S>
                <S>Clear-HPEiLOPowerOnTime</S>
                <S>Clear-HPEiLORemoteSupportServiceEventLog</S>
                <S>Clear-HPEiLORestAPIState</S>
                <S>Clear-HPEiLOSecurityLog</S>
                <S>Clear-HPEiLOSSORecord</S>
                <S>Clear-HPEiLOUnlockedRepositoryComponent</S>
                <S>Disable-HPEiLOComputeOpsManagement</S>
                <S>Disable-HPEiLOFunctionality</S>
                <S>Disable-HPEiLOMCTP</S>
                <S>Disable-HPEiLOSecurityDashboardSetting</S>
                <S>Dismount-HPEiLOVirtualMedia</S>
                <S>Enable-HPEiLOComputeOpsManagement</S>
                <S>Enable-HPEiLOMCTP</S>
                <S>Enable-HPEiLOSecurityDashboardSetting</S>
                <S>Enable-HPEiLOSystemIntelligentDiagnosticsMode</S>
                <S>Enable-HPEiLOSystemSafeMode</S>
                <S>Find-HPEiLO</S>
                <S>Get-HPEiLOAccessSetting</S>
                <S>Get-HPEiLOAHSStatus</S>
                <S>Get-HPEiLOAlertMailSetting</S>
                <S>Get-HPEiLOAssetTag</S>
                <S>Get-HPEiLOBatteryBackUpUnit</S>
                <S>Get-HPEiLOBootMode</S>
                <S>Get-HPEiLOBootOption</S>
                <S>Get-HPEiLOBrownout</S>
                <S>Get-HPEiLOCACSmartCardAuthentication</S>
                <S>Get-HPEiLOCertificateSigningRequest</S>
                <S>Get-HPEiLOChassisInfo</S>
                <S>Get-HPEiLOChassisPowerCalibrationData</S>
                <S>Get-HPEiLOChassisPowerCapSetting</S>
                <S>Get-HPEiLOChassisPowerNodeInfo</S>
                <S>Get-HPEiLOChassisPowerRegulatorSetting</S>
                <S>Get-HPEiLOChassisPowerZoneConfiguration</S>
                <S>Get-HPEiLOComputeOpsManagementStatus</S>
                <S>Get-HPEiLOComputerLockConfiguration</S>
                <S>Get-HPEiLOCriticalTemperatureAction</S>
                <S>Get-HPEiLODeviceDiscoveryStatus</S>
                <S>Get-HPEiLODeviceInventory</S>
                <S>Get-HPEiLODirectoryGroup</S>
                <S>Get-HPEiLODirectorySetting</S>
                <S>Get-HPEiLODirectorySettingTestResult</S>
                <S>Get-HPEiLOEmbeddedMedia</S>
                <S>Get-HPEiLOEncryptionSetting</S>
                <S>Get-HPEiLOESKMSetting</S>
                <S>Get-HPEiLOEventLog</S>
                <S>Get-HPEiLOFan</S>
                <S>Get-HPEiLOFederationGroup</S>
                <S>Get-HPEiLOFederationMulticast</S>
                <S>Get-HPEiLOFederationPeer</S>
                <S>Get-HPEiLOFirmwareCapabilities</S>
                <S>Get-HPEiLOFirmwareInventory</S>
                <S>Get-HPEiLOFirmwarePolicy</S>
                <S>Get-HPEiLOFirmwareVerificationLastScanResult</S>
                <S>Get-HPEiLOFirmwareVerificationScanSetting</S>
                <S>Get-HPEiLOFirmwareVersion</S>
                <S>Get-HPEiLOHealthSummary</S>
                <S>Get-HPEiLOHostData</S>
                <S>Get-HPEiLOHotKeyConfig</S>
                <S>Get-HPEiLOIML</S>
                <S>Get-HPEiLOInfo</S>
                <S>Get-HPEiLOInstallationTaskQueue</S>
                <S>Get-HPEiLOInstallSet</S>
                <S>Get-HPEiLOIntegratedRemoteConsoleTrustSetting</S>
                <S>Get-HPEiLOIntelligentProvisioningInfo</S>
                <S>Get-HPEiLOInvalidFirmwareImage</S>
                <S>Get-HPEiLOIPv4NetworkSetting</S>
                <S>Get-HPEiLOIPv6NetworkSetting</S>
                <S>Get-HPEiLOKerberosConfig</S>
                <S>Get-HPEiLOLanguage</S>
                <S>Get-HPEiLOLDAPCACertificate</S>
                <S>Get-HPEiLOLicense</S>
                <S>Get-HPEiLOLoginSecurityBanner</S>
                <S>Get-HPEiLOMaintenanceWindow</S>
                <S>Get-HPEiLOMemoryInfo</S>
                <S>Get-HPEiLONICInfo</S>
                <S>Get-HPEiLONVMeControllerDrives</S>
                <S>Get-HPEiLOOAInfo</S>
                <S>Get-HPEiLOOneTimeBootOption</S>
                <S>Get-HPEiLOPCIDeviceInventory</S>
                <S>Get-HPEiLOPCISlot</S>
                <S>Get-HPEiLOPerformanceAlertSetting</S>
                <S>Get-HPEiLOPerformanceMonitoringData</S>
                <S>Get-HPEiLOPerformanceTuningSetting</S>
                <S>Get-HPEiLOPersistentBootOrder</S>
                <S>Get-HPEiLOPersistentMouseKeyboard</S>
                <S>Get-HPEiLOPhysicalSecurity</S>
                <S>Get-HPEiLOPostSetting</S>
                <S>Get-HPEiLOPowerCapSetting</S>
                <S>Get-HPEiLOPowerMeter</S>
                <S>Get-HPEiLOPowerOnTime</S>
                <S>Get-HPEiLOPowerReading</S>
                <S>Get-HPEiLOPowerRegulatorSetting</S>
                <S>Get-HPEiLOPowerSupply</S>
                <S>Get-HPEiLOProcessor</S>
                <S>Get-HPEiLOProcessorJitterControl</S>
                <S>Get-HPEiLOProfile</S>
                <S>Get-HPEiLOProfileApplyResult</S>
                <S>Get-HPEiLORackSetting</S>
                <S>Get-HPEiLORedfishMessageInfo</S>
                <S>Get-HPEiLORemoteSupportServiceEventLog</S>
                <S>Get-HPEiLORemoteSupportSetting</S>
                <S>Get-HPEiLORemoteSyslog</S>
                <S>Get-HPEiLORepositoryComponent</S>
                <S>Get-HPEiLORestAPIState</S>
                <S>Get-HPEiLOSecureBoot</S>
                <S>Get-HPEiLOSecureSystemEraseStatus</S>
                <S>Get-HPEiLOSecurityDashboardInfo</S>
                <S>Get-HPEiLOSecurityLog</S>
                <S>Get-HPEiLOSelfTestResult</S>
                <S>Get-HPEiLOServerInfo</S>
                <S>Get-HPEiLOServerPower</S>
                <S>Get-HPEiLOServerPowerRestoreSetting</S>
                <S>Get-HPEiLOServerSoftwareInventory</S>
                <S>Get-HPEiLOServerWorkloadInfo</S>
                <S>Get-HPEiLOServicePort</S>
                <S>Get-HPEiLOSessionInfo</S>
                <S>Get-HPEiLOSmartArrayStorageController</S>
                <S>Get-HPEiLOSmartStorageBattery</S>
                <S>Get-HPEiLOSMHFQDN</S>
                <S>Get-HPEiLOSNMPAlertDestination</S>
                <S>Get-HPEiLOSNMPAlertSetting</S>
                <S>Get-HPEiLOSNMPPowerAlertThreshold</S>
                <S>Get-HPEiLOSNMPSetting</S>
                <S>Get-HPEiLOSNMPv3Setting</S>
                <S>Get-HPEiLOSNMPv3User</S>
                <S>Get-HPEiLOSNTPSetting</S>
                <S>Get-HPEiLOSpatial</S>
                <S>Get-HPEiLOSSLCertificateInfo</S>
                <S>Get-HPEiLOSSOSetting</S>
                <S>Get-HPEiLOSystemDiagnosticsModeSetting</S>
                <S>Get-HPEiLOSystemInfo</S>
                <S>Get-HPEiLOSystemMaintenanceSwitch</S>
                <S>Get-HPEiLOTemperature</S>
                <S>Get-HPEiLOTPMStatus</S>
                <S>Get-HPEiLOUIDStatus</S>
                <S>Get-HPEiLOUSBDevice</S>
                <S>Get-HPEiLOUser</S>
                <S>Get-HPEiLOUserCertificateMapping</S>
                <S>Get-HPEiLOVirtualMediaStatus</S>
                <S>Import-HPEiLOCertificate</S>
                <S>Import-HPEiLOLDAPCACertificate</S>
                <S>Import-HPEiLOUserSSHKey</S>
                <S>Invoke-HPEiLOFirmwareVerificationScan</S>
                <S>Invoke-HPEiLOInstallSet</S>
                <S>Invoke-HPEiLOProfileApply</S>
                <S>Invoke-HPEiLOProfileDownload</S>
                <S>Invoke-HPEiLORepositoryComponent</S>
                <S>Invoke-HPEiLOSecureSystemErase</S>
                <S>Invoke-HPEiLOSNMPTestTrap</S>
                <S>Mount-HPEiLOVirtualMedia</S>
                <S>Read-HPEiLOSMBIOSRecord</S>
                <S>Register-HPEiLORemoteSupportSetting</S>
                <S>Remove-HPEiLOCertificateRevocationList</S>
                <S>Remove-HPEiLODirectoryGroup</S>
                <S>Remove-HPEiLOFederationGroup</S>
                <S>Remove-HPEiLOInstallationTaskQueue</S>
                <S>Remove-HPEiLOInstallSet</S>
                <S>Remove-HPEiLOLanguagePack</S>
                <S>Remove-HPEiLOMaintenanceWindow</S>
                <S>Remove-HPEiLOProfile</S>
                <S>Remove-HPEiLORepositoryComponent</S>
                <S>Remove-HPEiLOSNMPAlertDestination</S>
                <S>Remove-HPEiLOSNMPv3User</S>
                <S>Remove-HPEiLOSSORecord</S>
                <S>Remove-HPEiLOUser</S>
                <S>Remove-HPEiLOUserCertificateMapping</S>
                <S>Remove-HPEiLOUserSSHKey</S>
                <S>Reset-HPEiLO</S>
                <S>Reset-HPEiLOSecureBootKey</S>
                <S>Reset-HPEiLOSystemDefault</S>
                <S>Reset-HPEiLOSystemManufacturingDefault</S>
                <S>Restore-HPEiLOSetting</S>
                <S>Save-HPEiLOAHSLog</S>
                <S>Send-HPEiLORemoteSupportAHSSubmission</S>
                <S>Send-HPEiLORemoteSupportDataCollectionInfo</S>
                <S>Send-HPEiLORemoteSupportTestEvent</S>
                <S>Send-HPEiLORemoteSyslog</S>
                <S>Send-HPEiLOSystemRecoveryEvent</S>
                <S>Send-HPEiLOTestAlertMail</S>
                <S>Set-HPEiLOAccessSetting</S>
                <S>Set-HPEiLOAdministratorPassword</S>
                <S>Set-HPEiLOAHSStatus</S>
                <S>Set-HPEiLOAlertMailSetting</S>
                <S>Set-HPEiLOAssetTag</S>
                <S>Set-HPEiLOBatteryBackUpUnit</S>
                <S>Set-HPEiLOBootMode</S>
                <S>Set-HPEiLOBrownout</S>
                <S>Set-HPEiLOCACSmartCardAuthentication</S>
                <S>Set-HPEiLOChassisPowerCapSetting</S>
                <S>Set-HPEiLOChassisPowerRegulatorSetting</S>
                <S>Set-HPEiLOChassisPowerZoneConfiguration</S>
                <S>Set-HPEiLOComputerLockConfiguration</S>
                <S>Set-HPEiLOCriticalTemperatureAction</S>
                <S>Set-HPEiLODirectoryGroup</S>
                <S>Set-HPEiLODirectorySetting</S>
                <S>Set-HPEiLOEncryptionSetting</S>
                <S>Set-HPEiLOESKMSetting</S>
                <S>Set-HPEiLOFactoryDefault</S>
                <S>Set-HPEiLOFederationGroup</S>
                <S>Set-HPEiLOFederationMulticast</S>
                <S>Set-HPEiLOFirmwarePolicy</S>
                <S>Set-HPEiLOFirmwareVerificationScanSetting</S>
                <S>Set-HPEiLOHotKeyConfig</S>
                <S>Set-HPEiLOIntegratedRemoteConsoleTrustSetting</S>
                <S>Set-HPEiLOIPv4NetworkSetting</S>
                <S>Set-HPEiLOIPv6NetworkSetting</S>
                <S>Set-HPEiLOKerberosConfig</S>
                <S>Set-HPEiLOLanguage</S>
                <S>Set-HPEiLOLicense</S>
                <S>Set-HPEiLOLoginSecurityBanner</S>
                <S>Set-HPEiLOMaintenanceWindow</S>
                <S>Set-HPEiLOOneTimeBootOption</S>
                <S>Set-HPEiLOPerformanceAlertSetting</S>
                <S>Set-HPEiLOPersistentBootOrder</S>
                <S>Set-HPEiLOPersistentMouseKeyboard</S>
                <S>Set-HPEiLOPostSetting</S>
                <S>Set-HPEiLOPowerCapSetting</S>
                <S>Set-HPEiLOPowerRegulatorSetting</S>
                <S>Set-HPEiLOProcessorJitterControl</S>
                <S>Set-HPEiLOProxy</S>
                <S>Set-HPEiLORemoteSupportSetting</S>
                <S>Set-HPEiLORemoteSyslog</S>
                <S>Set-HPEiLORepositoryComponent</S>
                <S>Set-HPEiLOSecureBoot</S>
                <S>Set-HPEiLOServerPower</S>
                <S>Set-HPEiLOServerPowerRestoreSetting</S>
                <S>Set-HPEiLOServicePort</S>
                <S>Set-HPEiLOSMHFQDN</S>
                <S>Set-HPEiLOSNMPAlertDestination</S>
                <S>Set-HPEiLOSNMPAlertSetting</S>
                <S>Set-HPEiLOSNMPPowerAlertThreshold</S>
                <S>Set-HPEiLOSNMPSetting</S>
                <S>Set-HPEiLOSNMPv3Setting</S>
                <S>Set-HPEiLOSNMPv3User</S>
                <S>Set-HPEiLOSNTPSetting</S>
                <S>Set-HPEiLOSSOSetting</S>
                <S>Set-HPEiLOUIDStatus</S>
                <S>Set-HPEiLOUser</S>
                <S>Set-HPEiLOVirtualMediaStatus</S>
                <S>Start-HPEiLOCertificateSigningRequest</S>
                <S>Start-HPEiLOChassisPowerCalibrationConfiguration</S>
                <S>Start-HPEiLODirectorySettingTest</S>
                <S>Stop-HPEiLODirectorySettingTest</S>
                <S>Test-HPEiLOESKMConnection</S>
                <S>Unregister-HPEiLORemoteSupportSetting</S>
                <S>Update-HPEiLOFirmware</S>
                <S>Get-HPEiLOMaxThreadLimit</S>
                <S>Get-HPEiLOModuleVersion</S>
                <S>Set-HPEiLOMaxThreadLimit</S>
                <S>Clear-HPEiLOLog</S>
                <S>Disable-HPEiLOLog</S>
                <S>Enable-HPEiLOLog</S>
                <S>Get-HPEiLOLogConfig</S>
                <S>Set-HPEiLOLogConfig</S>
                <S>Connect-HPEiLO</S>
                <S>Disconnect-HPEiLO</S>
                <S>Test-HPEiLOConnection</S>
              </LST>
            </Obj>
          </En>
          <En>
            <S N="Key">RoleCapability</S>
            <Obj N="Value" RefId="6">
              <TNRef RefId="2" />
              <LST />
            </Obj>
          </En>
          <En>
            <S N="Key">Command</S>
            <Obj N="Value" RefId="7">
              <TNRef RefId="2" />
              <LST>
                <S>Add-HPEiLODirectoryGroup</S>
                <S>Add-HPEiLOFederationGroup</S>
                <S>Add-HPEiLOInstallationQueueWaitTask</S>
                <S>Add-HPEiLOInstallSet</S>
                <S>Add-HPEiLOLanguagePack</S>
                <S>Add-HPEiLOMaintenanceWindow</S>
                <S>Add-HPEiLORepositoryComponent</S>
                <S>Add-HPEiLOSNMPAlertDestination</S>
                <S>Add-HPEiLOSNMPv3User</S>
                <S>Add-HPEiLOSSORecord</S>
                <S>Add-HPEiLOUser</S>
                <S>Backup-HPEiLOSetting</S>
                <S>Clear-HPEiLOAHSData</S>
                <S>Clear-HPEiLOESKMLog</S>
                <S>Clear-HPEiLOEventLog</S>
                <S>Clear-HPEiLOHotKeyConfig</S>
                <S>Clear-HPEiLOIML</S>
                <S>Clear-HPEiLOInstallationTaskQueue</S>
                <S>Clear-HPEiLOInstallSet</S>
                <S>Clear-HPEiLOMaintenanceWindow</S>
                <S>Clear-HPEiLOPowerOnTime</S>
                <S>Clear-HPEiLORemoteSupportServiceEventLog</S>
                <S>Clear-HPEiLORestAPIState</S>
                <S>Clear-HPEiLOSecurityLog</S>
                <S>Clear-HPEiLOSSORecord</S>
                <S>Clear-HPEiLOUnlockedRepositoryComponent</S>
                <S>Disable-HPEiLOComputeOpsManagement</S>
                <S>Disable-HPEiLOFunctionality</S>
                <S>Disable-HPEiLOMCTP</S>
                <S>Disable-HPEiLOSecurityDashboardSetting</S>
                <S>Dismount-HPEiLOVirtualMedia</S>
                <S>Enable-HPEiLOComputeOpsManagement</S>
                <S>Enable-HPEiLOMCTP</S>
                <S>Enable-HPEiLOSecurityDashboardSetting</S>
                <S>Enable-HPEiLOSystemIntelligentDiagnosticsMode</S>
                <S>Enable-HPEiLOSystemSafeMode</S>
                <S>Find-HPEiLO</S>
                <S>Get-HPEiLOAccessSetting</S>
                <S>Get-HPEiLOAHSStatus</S>
                <S>Get-HPEiLOAlertMailSetting</S>
                <S>Get-HPEiLOAssetTag</S>
                <S>Get-HPEiLOBatteryBackUpUnit</S>
                <S>Get-HPEiLOBootMode</S>
                <S>Get-HPEiLOBootOption</S>
                <S>Get-HPEiLOBrownout</S>
                <S>Get-HPEiLOCACSmartCardAuthentication</S>
                <S>Get-HPEiLOCertificateSigningRequest</S>
                <S>Get-HPEiLOChassisInfo</S>
                <S>Get-HPEiLOChassisPowerCalibrationData</S>
                <S>Get-HPEiLOChassisPowerCapSetting</S>
                <S>Get-HPEiLOChassisPowerNodeInfo</S>
                <S>Get-HPEiLOChassisPowerRegulatorSetting</S>
                <S>Get-HPEiLOChassisPowerZoneConfiguration</S>
                <S>Get-HPEiLOComputeOpsManagementStatus</S>
                <S>Get-HPEiLOComputerLockConfiguration</S>
                <S>Get-HPEiLOCriticalTemperatureAction</S>
                <S>Get-HPEiLODeviceDiscoveryStatus</S>
                <S>Get-HPEiLODeviceInventory</S>
                <S>Get-HPEiLODirectoryGroup</S>
                <S>Get-HPEiLODirectorySetting</S>
                <S>Get-HPEiLODirectorySettingTestResult</S>
                <S>Get-HPEiLOEmbeddedMedia</S>
                <S>Get-HPEiLOEncryptionSetting</S>
                <S>Get-HPEiLOESKMSetting</S>
                <S>Get-HPEiLOEventLog</S>
                <S>Get-HPEiLOFan</S>
                <S>Get-HPEiLOFederationGroup</S>
                <S>Get-HPEiLOFederationMulticast</S>
                <S>Get-HPEiLOFederationPeer</S>
                <S>Get-HPEiLOFirmwareCapabilities</S>
                <S>Get-HPEiLOFirmwareInventory</S>
                <S>Get-HPEiLOFirmwarePolicy</S>
                <S>Get-HPEiLOFirmwareVerificationLastScanResult</S>
                <S>Get-HPEiLOFirmwareVerificationScanSetting</S>
                <S>Get-HPEiLOFirmwareVersion</S>
                <S>Get-HPEiLOHealthSummary</S>
                <S>Get-HPEiLOHostData</S>
                <S>Get-HPEiLOHotKeyConfig</S>
                <S>Get-HPEiLOIML</S>
                <S>Get-HPEiLOInfo</S>
                <S>Get-HPEiLOInstallationTaskQueue</S>
                <S>Get-HPEiLOInstallSet</S>
                <S>Get-HPEiLOIntegratedRemoteConsoleTrustSetting</S>
                <S>Get-HPEiLOIntelligentProvisioningInfo</S>
                <S>Get-HPEiLOInvalidFirmwareImage</S>
                <S>Get-HPEiLOIPv4NetworkSetting</S>
                <S>Get-HPEiLOIPv6NetworkSetting</S>
                <S>Get-HPEiLOKerberosConfig</S>
                <S>Get-HPEiLOLanguage</S>
                <S>Get-HPEiLOLDAPCACertificate</S>
                <S>Get-HPEiLOLicense</S>
                <S>Get-HPEiLOLoginSecurityBanner</S>
                <S>Get-HPEiLOMaintenanceWindow</S>
                <S>Get-HPEiLOMemoryInfo</S>
                <S>Get-HPEiLONICInfo</S>
                <S>Get-HPEiLONVMeControllerDrives</S>
                <S>Get-HPEiLOOAInfo</S>
                <S>Get-HPEiLOOneTimeBootOption</S>
                <S>Get-HPEiLOPCIDeviceInventory</S>
                <S>Get-HPEiLOPCISlot</S>
                <S>Get-HPEiLOPerformanceAlertSetting</S>
                <S>Get-HPEiLOPerformanceMonitoringData</S>
                <S>Get-HPEiLOPerformanceTuningSetting</S>
                <S>Get-HPEiLOPersistentBootOrder</S>
                <S>Get-HPEiLOPersistentMouseKeyboard</S>
                <S>Get-HPEiLOPhysicalSecurity</S>
                <S>Get-HPEiLOPostSetting</S>
                <S>Get-HPEiLOPowerCapSetting</S>
                <S>Get-HPEiLOPowerMeter</S>
                <S>Get-HPEiLOPowerOnTime</S>
                <S>Get-HPEiLOPowerReading</S>
                <S>Get-HPEiLOPowerRegulatorSetting</S>
                <S>Get-HPEiLOPowerSupply</S>
                <S>Get-HPEiLOProcessor</S>
                <S>Get-HPEiLOProcessorJitterControl</S>
                <S>Get-HPEiLOProfile</S>
                <S>Get-HPEiLOProfileApplyResult</S>
                <S>Get-HPEiLORackSetting</S>
                <S>Get-HPEiLORedfishMessageInfo</S>
                <S>Get-HPEiLORemoteSupportServiceEventLog</S>
                <S>Get-HPEiLORemoteSupportSetting</S>
                <S>Get-HPEiLORemoteSyslog</S>
                <S>Get-HPEiLORepositoryComponent</S>
                <S>Get-HPEiLORestAPIState</S>
                <S>Get-HPEiLOSecureBoot</S>
                <S>Get-HPEiLOSecureSystemEraseStatus</S>
                <S>Get-HPEiLOSecurityDashboardInfo</S>
                <S>Get-HPEiLOSecurityLog</S>
                <S>Get-HPEiLOSelfTestResult</S>
                <S>Get-HPEiLOServerInfo</S>
                <S>Get-HPEiLOServerPower</S>
                <S>Get-HPEiLOServerPowerRestoreSetting</S>
                <S>Get-HPEiLOServerSoftwareInventory</S>
                <S>Get-HPEiLOServerWorkloadInfo</S>
                <S>Get-HPEiLOServicePort</S>
                <S>Get-HPEiLOSessionInfo</S>
                <S>Get-HPEiLOSmartArrayStorageController</S>
                <S>Get-HPEiLOSmartStorageBattery</S>
                <S>Get-HPEiLOSMHFQDN</S>
                <S>Get-HPEiLOSNMPAlertDestination</S>
                <S>Get-HPEiLOSNMPAlertSetting</S>
                <S>Get-HPEiLOSNMPPowerAlertThreshold</S>
                <S>Get-HPEiLOSNMPSetting</S>
                <S>Get-HPEiLOSNMPv3Setting</S>
                <S>Get-HPEiLOSNMPv3User</S>
                <S>Get-HPEiLOSNTPSetting</S>
                <S>Get-HPEiLOSpatial</S>
                <S>Get-HPEiLOSSLCertificateInfo</S>
                <S>Get-HPEiLOSSOSetting</S>
                <S>Get-HPEiLOSystemDiagnosticsModeSetting</S>
                <S>Get-HPEiLOSystemInfo</S>
                <S>Get-HPEiLOSystemMaintenanceSwitch</S>
                <S>Get-HPEiLOTemperature</S>
                <S>Get-HPEiLOTPMStatus</S>
                <S>Get-HPEiLOUIDStatus</S>
                <S>Get-HPEiLOUSBDevice</S>
                <S>Get-HPEiLOUser</S>
                <S>Get-HPEiLOUserCertificateMapping</S>
                <S>Get-HPEiLOVirtualMediaStatus</S>
                <S>Import-HPEiLOCertificate</S>
                <S>Import-HPEiLOLDAPCACertificate</S>
                <S>Import-HPEiLOUserSSHKey</S>
                <S>Invoke-HPEiLOFirmwareVerificationScan</S>
                <S>Invoke-HPEiLOInstallSet</S>
                <S>Invoke-HPEiLOProfileApply</S>
                <S>Invoke-HPEiLOProfileDownload</S>
                <S>Invoke-HPEiLORepositoryComponent</S>
                <S>Invoke-HPEiLOSecureSystemErase</S>
                <S>Invoke-HPEiLOSNMPTestTrap</S>
                <S>Mount-HPEiLOVirtualMedia</S>
                <S>Read-HPEiLOSMBIOSRecord</S>
                <S>Register-HPEiLORemoteSupportSetting</S>
                <S>Remove-HPEiLOCertificateRevocationList</S>
                <S>Remove-HPEiLODirectoryGroup</S>
                <S>Remove-HPEiLOFederationGroup</S>
                <S>Remove-HPEiLOInstallationTaskQueue</S>
                <S>Remove-HPEiLOInstallSet</S>
                <S>Remove-HPEiLOLanguagePack</S>
                <S>Remove-HPEiLOMaintenanceWindow</S>
                <S>Remove-HPEiLOProfile</S>
                <S>Remove-HPEiLORepositoryComponent</S>
                <S>Remove-HPEiLOSNMPAlertDestination</S>
                <S>Remove-HPEiLOSNMPv3User</S>
                <S>Remove-HPEiLOSSORecord</S>
                <S>Remove-HPEiLOUser</S>
                <S>Remove-HPEiLOUserCertificateMapping</S>
                <S>Remove-HPEiLOUserSSHKey</S>
                <S>Reset-HPEiLO</S>
                <S>Reset-HPEiLOSecureBootKey</S>
                <S>Reset-HPEiLOSystemDefault</S>
                <S>Reset-HPEiLOSystemManufacturingDefault</S>
                <S>Restore-HPEiLOSetting</S>
                <S>Save-HPEiLOAHSLog</S>
                <S>Send-HPEiLORemoteSupportAHSSubmission</S>
                <S>Send-HPEiLORemoteSupportDataCollectionInfo</S>
                <S>Send-HPEiLORemoteSupportTestEvent</S>
                <S>Send-HPEiLORemoteSyslog</S>
                <S>Send-HPEiLOSystemRecoveryEvent</S>
                <S>Send-HPEiLOTestAlertMail</S>
                <S>Set-HPEiLOAccessSetting</S>
                <S>Set-HPEiLOAdministratorPassword</S>
                <S>Set-HPEiLOAHSStatus</S>
                <S>Set-HPEiLOAlertMailSetting</S>
                <S>Set-HPEiLOAssetTag</S>
                <S>Set-HPEiLOBatteryBackUpUnit</S>
                <S>Set-HPEiLOBootMode</S>
                <S>Set-HPEiLOBrownout</S>
                <S>Set-HPEiLOCACSmartCardAuthentication</S>
                <S>Set-HPEiLOChassisPowerCapSetting</S>
                <S>Set-HPEiLOChassisPowerRegulatorSetting</S>
                <S>Set-HPEiLOChassisPowerZoneConfiguration</S>
                <S>Set-HPEiLOComputerLockConfiguration</S>
                <S>Set-HPEiLOCriticalTemperatureAction</S>
                <S>Set-HPEiLODirectoryGroup</S>
                <S>Set-HPEiLODirectorySetting</S>
                <S>Set-HPEiLOEncryptionSetting</S>
                <S>Set-HPEiLOESKMSetting</S>
                <S>Set-HPEiLOFactoryDefault</S>
                <S>Set-HPEiLOFederationGroup</S>
                <S>Set-HPEiLOFederationMulticast</S>
                <S>Set-HPEiLOFirmwarePolicy</S>
                <S>Set-HPEiLOFirmwareVerificationScanSetting</S>
                <S>Set-HPEiLOHotKeyConfig</S>
                <S>Set-HPEiLOIntegratedRemoteConsoleTrustSetting</S>
                <S>Set-HPEiLOIPv4NetworkSetting</S>
                <S>Set-HPEiLOIPv6NetworkSetting</S>
                <S>Set-HPEiLOKerberosConfig</S>
                <S>Set-HPEiLOLanguage</S>
                <S>Set-HPEiLOLicense</S>
                <S>Set-HPEiLOLoginSecurityBanner</S>
                <S>Set-HPEiLOMaintenanceWindow</S>
                <S>Set-HPEiLOOneTimeBootOption</S>
                <S>Set-HPEiLOPerformanceAlertSetting</S>
                <S>Set-HPEiLOPersistentBootOrder</S>
                <S>Set-HPEiLOPersistentMouseKeyboard</S>
                <S>Set-HPEiLOPostSetting</S>
                <S>Set-HPEiLOPowerCapSetting</S>
                <S>Set-HPEiLOPowerRegulatorSetting</S>
                <S>Set-HPEiLOProcessorJitterControl</S>
                <S>Set-HPEiLOProxy</S>
                <S>Set-HPEiLORemoteSupportSetting</S>
                <S>Set-HPEiLORemoteSyslog</S>
                <S>Set-HPEiLORepositoryComponent</S>
                <S>Set-HPEiLOSecureBoot</S>
                <S>Set-HPEiLOServerPower</S>
                <S>Set-HPEiLOServerPowerRestoreSetting</S>
                <S>Set-HPEiLOServicePort</S>
                <S>Set-HPEiLOSMHFQDN</S>
                <S>Set-HPEiLOSNMPAlertDestination</S>
                <S>Set-HPEiLOSNMPAlertSetting</S>
                <S>Set-HPEiLOSNMPPowerAlertThreshold</S>
                <S>Set-HPEiLOSNMPSetting</S>
                <S>Set-HPEiLOSNMPv3Setting</S>
                <S>Set-HPEiLOSNMPv3User</S>
                <S>Set-HPEiLOSNTPSetting</S>
                <S>Set-HPEiLOSSOSetting</S>
                <S>Set-HPEiLOUIDStatus</S>
                <S>Set-HPEiLOUser</S>
                <S>Set-HPEiLOVirtualMediaStatus</S>
                <S>Start-HPEiLOCertificateSigningRequest</S>
                <S>Start-HPEiLOChassisPowerCalibrationConfiguration</S>
                <S>Start-HPEiLODirectorySettingTest</S>
                <S>Stop-HPEiLODirectorySettingTest</S>
                <S>Test-HPEiLOESKMConnection</S>
                <S>Unregister-HPEiLORemoteSupportSetting</S>
                <S>Update-HPEiLOFirmware</S>
                <S>Get-HPEiLOMaxThreadLimit</S>
                <S>Get-HPEiLOModuleVersion</S>
                <S>Set-HPEiLOMaxThreadLimit</S>
                <S>Clear-HPEiLOLog</S>
                <S>Disable-HPEiLOLog</S>
                <S>Enable-HPEiLOLog</S>
                <S>Get-HPEiLOLogConfig</S>
                <S>Set-HPEiLOLogConfig</S>
                <S>Connect-HPEiLO</S>
                <S>Disconnect-HPEiLO</S>
                <S>Test-HPEiLOConnection</S>
              </LST>
            </Obj>
          </En>
          <En>
            <S N="Key">Workflow</S>
            <Ref N="Value" RefId="6" />
          </En>
          <En>
            <S N="Key">DscResource</S>
            <Ref N="Value" RefId="6" />
          </En>
          <En>
            <S N="Key">Function</S>
            <Ref N="Value" RefId="6" />
          </En>
        </DCT>
      </Obj>
      <Version N="PowerShellGetFormatVersion">2.0</Version>
      <S N="ReleaseNotes">HPEiLOCmdlets - Version 3.3.0.0_x000A__x0009__x0009__x000A_June, 2022_x000A__x000A_Enhancements_x000A__x000A_- ComputeOpsManagement Cmdlets enablement_x000A__x000A__x0009_Below new cmdlets are enabled in this version of the HPEiLOCmdlets  :_x000A__x000A__x0009_* Set-HPEiLOProxy_x000A__x0009_* Enable-HPEiLOComputeOpsManagement_x000A__x0009_* Disable-HPEiLOComputeOpsManagement_x000A__x0009_* Get-HPEiLOComputeOpsManagementStatus_x000A__x000A_Fixes_x000A__x0009__x000A_- Fixes for missing "PreferredProtocol" parameter in Get-HPEiLOIPv6NetworkSetting._x000A__x000A_- Fixes for Cmdlets Add-HPEiLOUser, Remove-HPEiLOUser and Get-HPEiLOUser. The filter for parameter - LoginName updated from UserName to LoginName._x000A__x000A_ _x000A_Usage Tip_x000A_- Use [System.GC]::Collect() to optimize memory consumption during script execution._x000A__x000A_HPE PowerShell Information: _x000A_https://www.hpe.com/servers/powershell_x000A__x000A_User guide and Release Notes:_x000A_https://support.hpe.com/hpesc/public/home_x000A__x000A_Sample Scripts_x000A_https://github.com/HewlettPackard/PowerShell-ProLiant-SDK</S>
      <Obj N="Dependencies" RefId="8">
        <TNRef RefId="2" />
        <LST />
      </Obj>
      <S N="RepositorySourceLocation">https://www.powershellgallery.com/api/v2</S>
      <S N="Repository">PSGallery</S>
      <S N="PackageManagementProvider">NuGet</S>
      <Obj N="AdditionalMetadata" RefId="9">
        <TN RefId="4">
          <T>System.Management.Automation.PSCustomObject</T>
          <T>System.Object</T>
        </TN>
        <MS>
          <S N="copyright">© Copyright 2013-2022 Hewlett Packard Enterprise Development, L.P. All rights reserved.</S>
          <S N="description">Scripting Tools for Windows PowerShell : iLO Cmdlets uses the RIBCL and Redfish interface to communicate to iLO. These cmdlets can be used to configure and manage iLO on HPE ProLiant Gen9, Gen10 or Gen10 Plus servers.</S>
          <S N="requireLicenseAcceptance">True</S>
          <S N="releaseNotes">HPEiLOCmdlets - Version 3.3.0.0_x000A__x0009__x0009__x000A_June, 2022_x000A__x000A_Enhancements_x000A__x000A_- ComputeOpsManagement Cmdlets enablement_x000A__x000A__x0009_Below new cmdlets are enabled in this version of the HPEiLOCmdlets  :_x000A__x000A__x0009_* Set-HPEiLOProxy_x000A__x0009_* Enable-HPEiLOComputeOpsManagement_x000A__x0009_* Disable-HPEiLOComputeOpsManagement_x000A__x0009_* Get-HPEiLOComputeOpsManagementStatus_x000A__x000A_Fixes_x000A__x0009__x000A_- Fixes for missing "PreferredProtocol" parameter in Get-HPEiLOIPv6NetworkSetting._x000A__x000A_- Fixes for Cmdlets Add-HPEiLOUser, Remove-HPEiLOUser and Get-HPEiLOUser. The filter for parameter - LoginName updated from UserName to LoginName._x000A__x000A_ _x000A_Usage Tip_x000A_- Use [System.GC]::Collect() to optimize memory consumption during script execution._x000A__x000A_HPE PowerShell Information: _x000A_https://www.hpe.com/servers/powershell_x000A__x000A_User guide and Release Notes:_x000A_https://support.hpe.com/hpesc/public/home_x000A__x000A_Sample Scripts_x000A_https://github.com/HewlettPackard/PowerShell-ProLiant-SDK</S>
          <S N="isLatestVersion">True</S>
          <S N="isAbsoluteLatestVersion">True</S>
          <S N="versionDownloadCount">108195</S>
          <S N="downloadCount">881671</S>
          <S N="packageSize">2097263</S>
          <S N="published">23-07-2022 08:29:44 +05:30</S>
          <S N="created">23-07-2022 08:29:44 +05:30</S>
          <S N="lastUpdated">24-11-2022 07:25:08 +05:30</S>
          <S N="tags">Hewlett Packard Enterprise HPEiLOCmdlets HPE iLO iLOCmdlets ProLiant RIBCL Redfish PowerShellGetFormatVersion_2.0 PSModule PSCmdlet_Add-HPEiLODirectoryGroup PSCommand_Add-HPEiLODirectoryGroup PSCmdlet_Add-HPEiLOFederationGroup PSCommand_Add-HPEiLOFederationGroup PSCmdlet_Add-HPEiLOInstallationQueueWaitTask PSCommand_Add-HPEiLOInstallationQueueWaitTask PSCmdlet_Add-HPEiLOInstallSet PSCommand_Add-HPEiLOInstallSet PSCmdlet_Add-HPEiLOLanguagePack PSCommand_Add-HPEiLOLanguagePack PSCmdlet_Add-HPEiLOMaintenanceWindow PSCommand_Add-HPEiLOMaintenanceWindow PSCmdlet_Add-HPEiLORepositoryComponent PSCommand_Add-HPEiLORepositoryComponent PSCmdlet_Add-HPEiLOSNMPAlertDestination PSCommand_Add-HPEiLOSNMPAlertDestination PSCmdlet_Add-HPEiLOSNMPv3User PSCommand_Add-HPEiLOSNMPv3User PSCmdlet_Add-HPEiLOSSORecord PSCommand_Add-HPEiLOSSORecord PSCmdlet_Add-HPEiLOUser PSCommand_Add-HPEiLOUser PSCmdlet_Backup-HPEiLOSetting PSCommand_Backup-HPEiLOSetting PSCmdlet_Clear-HPEiLOAHSData PSCommand_Clear-HPEiLOAHSData PSCmdlet_Clear-HPEiLOESKMLog PSCommand_Clear-HPEiLOESKMLog PSCmdlet_Clear-HPEiLOEventLog PSCommand_Clear-HPEiLOEventLog PSCmdlet_Clear-HPEiLOHotKeyConfig PSCommand_Clear-HPEiLOHotKeyConfig PSCmdlet_Clear-HPEiLOIML PSCommand_Clear-HPEiLOIML PSCmdlet_Clear-HPEiLOInstallationTaskQueue PSCommand_Clear-HPEiLOInstallationTaskQueue PSCmdlet_Clear-HPEiLOInstallSet PSCommand_Clear-HPEiLOInstallSet PSCmdlet_Clear-HPEiLOMaintenanceWindow PSCommand_Clear-HPEiLOMaintenanceWindow PSCmdlet_Clear-HPEiLOPowerOnTime PSCommand_Clear-HPEiLOPowerOnTime PSCmdlet_Clear-HPEiLORemoteSupportServiceEventLog PSCommand_Clear-HPEiLORemoteSupportServiceEventLog PSCmdlet_Clear-HPEiLORestAPIState PSCommand_Clear-HPEiLORestAPIState PSCmdlet_Clear-HPEiLOSecurityLog PSCommand_Clear-HPEiLOSecurityLog PSCmdlet_Clear-HPEiLOSSORecord PSCommand_Clear-HPEiLOSSORecord PSCmdlet_Clear-HPEiLOUnlockedRepositoryComponent PSCommand_Clear-HPEiLOUnlockedRepositoryComponent PSCmdlet_Disable-HPEiLOComputeOpsManagement PSCommand_Disable-HPEiLOComputeOpsManagement PSCmdlet_Disable-HPEiLOFunctionality PSCommand_Disable-HPEiLOFunctionality PSCmdlet_Disable-HPEiLOMCTP PSCommand_Disable-HPEiLOMCTP PSCmdlet_Disable-HPEiLOSecurityDashboardSetting PSCommand_Disable-HPEiLOSecurityDashboardSetting PSCmdlet_Dismount-HPEiLOVirtualMedia PSCommand_Dismount-HPEiLOVirtualMedia PSCmdlet_Enable-HPEiLOComputeOpsManagement PSCommand_Enable-HPEiLOComputeOpsManagement PSCmdlet_Enable-HPEiLOMCTP PSCommand_Enable-HPEiLOMCTP PSCmdlet_Enable-HPEiLOSecurityDashboardSetting PSCommand_Enable-HPEiLOSecurityDashboardSetting PSCmdlet_Enable-HPEiLOSystemIntelligentDiagnosticsMode PSCommand_Enable-HPEiLOSystemIntelligentDiagnosticsMode PSCmdlet_Enable-HPEiLOSystemSafeMode PSCommand_Enable-HPEiLOSystemSafeMode PSCmdlet_Find-HPEiLO PSCommand_Find-HPEiLO PSCmdlet_Get-HPEiLOAccessSetting PSCommand_Get-HPEiLOAccessSetting PSCmdlet_Get-HPEiLOAHSStatus PSCommand_Get-HPEiLOAHSStatus PSCmdlet_Get-HPEiLOAlertMailSetting PSCommand_Get-HPEiLOAlertMailSetting PSCmdlet_Get-HPEiLOAssetTag PSCommand_Get-HPEiLOAssetTag PSCmdlet_Get-HPEiLOBatteryBackUpUnit PSCommand_Get-HPEiLOBatteryBackUpUnit PSCmdlet_Get-HPEiLOBootMode PSCommand_Get-HPEiLOBootMode PSCmdlet_Get-HPEiLOBootOption PSCommand_Get-HPEiLOBootOption PSCmdlet_Get-HPEiLOBrownout PSCommand_Get-HPEiLOBrownout PSCmdlet_Get-HPEiLOCACSmartCardAuthentication PSCommand_Get-HPEiLOCACSmartCardAuthentication PSCmdlet_Get-HPEiLOCertificateSigningRequest PSCommand_Get-HPEiLOCertificateSigningRequest PSCmdlet_Get-HPEiLOChassisInfo PSCommand_Get-HPEiLOChassisInfo PSCmdlet_Get-HPEiLOChassisPowerCalibrationData PSCommand_Get-HPEiLOChassisPowerCalibrationData PSCmdlet_Get-HPEiLOChassisPowerCapSetting PSCommand_Get-HPEiLOChassisPowerCapSetting PSCmdlet_Get-HPEiLOChassisPowerNodeInfo PSCommand_Get-HPEiLOChassisPowerNodeInfo PSCmdlet_Get-HPEiLOChassisPowerRegulatorSetting PSCommand_Get-HPEiLOChassisPowerRegulatorSetting PSCmdlet_Get-HPEiLOChassisPowerZoneConfiguration PSCommand_Get-HPEiLOChassisPowerZoneConfiguration PSCmdlet_Get-HPEiLOComputeOpsManagementStatus PSCommand_Get-HPEiLOComputeOpsManagementStatus PSCmdlet_Get-HPEiLOComputerLockConfiguration PSCommand_Get-HPEiLOComputerLockConfiguration PSCmdlet_Get-HPEiLOCriticalTemperatureAction PSCommand_Get-HPEiLOCriticalTemperatureAction PSCmdlet_Get-HPEiLODeviceDiscoveryStatus PSCommand_Get-HPEiLODeviceDiscoveryStatus PSCmdlet_Get-HPEiLODeviceInventory PSCommand_Get-HPEiLODeviceInventory PSCmdlet_Get-HPEiLODirectoryGroup PSCommand_Get-HPEiLODirectoryGroup PSCmdlet_Get-HPEiLODirectorySetting PSCommand_Get-HPEiLODirectorySetting PSCmdlet_Get-HPEiLODirectorySettingTestResult PSCommand_Get-HPEiLODirectorySettingTestResult PSCmdlet_Get-HPEiLOEmbeddedMedia PSCommand_Get-HPEiLOEmbeddedMedia PSCmdlet_Get-HPEiLOEncryptionSetting PSCommand_Get-HPEiLOEncryptionSetting PSCmdlet_Get-HPEiLOESKMSetting PSCommand_Get-HPEiLOESKMSetting PSCmdlet_Get-HPEiLOEventLog PSCommand_Get-HPEiLOEventLog PSCmdlet_Get-HPEiLOFan PSCommand_Get-HPEiLOFan PSCmdlet_Get-HPEiLOFederationGroup PSCommand_Get-HPEiLOFederationGroup PSCmdlet_Get-HPEiLOFederationMulticast PSCommand_Get-HPEiLOFederationMulticast PSCmdlet_Get-HPEiLOFederationPeer PSCommand_Get-HPEiLOFederationPeer PSCmdlet_Get-HPEiLOFirmwareCapabilities PSCommand_Get-HPEiLOFirmwareCapabilities PSCmdlet_Get-HPEiLOFirmwareInventory PSCommand_Get-HPEiLOFirmwareInventory PSCmdlet_Get-HPEiLOFirmwarePolicy PSCommand_Get-HPEiLOFirmwarePolicy PSCmdlet_Get-HPEiLOFirmwareVerificationLastScanResult PSCommand_Get-HPEiLOFirmwareVerificationLastScanResult PSCmdlet_Get-HPEiLOFirmwareVerificationScanSetting PSCommand_Get-HPEiLOFirmwareVerificationScanSetting PSCmdlet_Get-HPEiLOFirmwareVersion PSCommand_Get-HPEiLOFirmwareVersion PSCmdlet_Get-HPEiLOHealthSummary PSCommand_Get-HPEiLOHealthSummary PSCmdlet_Get-HPEiLOHostData PSCommand_Get-HPEiLOHostData PSCmdlet_Get-HPEiLOHotKeyConfig PSCommand_Get-HPEiLOHotKeyConfig PSCmdlet_Get-HPEiLOIML PSCommand_Get-HPEiLOIML PSCmdlet_Get-HPEiLOInfo PSCommand_Get-HPEiLOInfo PSCmdlet_Get-HPEiLOInstallationTaskQueue PSCommand_Get-HPEiLOInstallationTaskQueue PSCmdlet_Get-HPEiLOInstallSet PSCommand_Get-HPEiLOInstallSet PSCmdlet_Get-HPEiLOIntegratedRemoteConsoleTrustSetting PSCommand_Get-HPEiLOIntegratedRemoteConsoleTrustSetting PSCmdlet_Get-HPEiLOIntelligentProvisioningInfo PSCommand_Get-HPEiLOIntelligentProvisioningInfo PSCmdlet_Get-HPEiLOInvalidFirmwareImage PSCommand_Get-HPEiLOInvalidFirmwareImage PSCmdlet_Get-HPEiLOIPv4NetworkSetting PSCommand_Get-HPEiLOIPv4NetworkSetting PSCmdlet_Get-HPEiLOIPv6NetworkSetting PSCommand_Get-HPEiLOIPv6NetworkSetting PSCmdlet_Get-HPEiLOKerberosConfig PSCommand_Get-HPEiLOKerberosConfig PSCmdlet_Get-HPEiLOLanguage PSCommand_Get-HPEiLOLanguage PSCmdlet_Get-HPEiLOLDAPCACertificate PSCommand_Get-HPEiLOLDAPCACertificate PSCmdlet_Get-HPEiLOLicense PSCommand_Get-HPEiLOLicense PSCmdlet_Get-HPEiLOLoginSecurityBanner PSCommand_Get-HPEiLOLoginSecurityBanner PSCmdlet_Get-HPEiLOMaintenanceWindow PSCommand_Get-HPEiLOMaintenanceWindow PSCmdlet_Get-HPEiLOMemoryInfo PSCommand_Get-HPEiLOMemoryInfo PSCmdlet_Get-HPEiLONICInfo PSCommand_Get-HPEiLONICInfo PSCmdlet_Get-HPEiLONVMeControllerDrives PSCommand_Get-HPEiLONVMeControllerDrives PSCmdlet_Get-HPEiLOOAInfo PSCommand_Get-HPEiLOOAInfo PSCmdlet_Get-HPEiLOOneTimeBootOption PSCommand_Get-HPEiLOOneTimeBootOption PSCmdlet_Get-HPEiLOPCIDeviceInventory PSCommand_Get-HPEiLOPCIDeviceInventory PSCmdlet_Get-HPEiLOPCISlot PSCommand_Get-HPEiLOPCISlot PSCmdlet_Get-HPEiLOPerformanceAlertSetting PSCommand_Get-HPEiLOPerformanceAlertSetting PSCmdlet_Get-HPEiLOPerformanceMonitoringData PSCommand_Get-HPEiLOPerformanceMonitoringData PSCmdlet_Get-HPEiLOPerformanceTuningSetting PSCommand_Get-HPEiLOPerformanceTuningSetting PSCmdlet_Get-HPEiLOPersistentBootOrder PSCommand_Get-HPEiLOPersistentBootOrder PSCmdlet_Get-HPEiLOPersistentMouseKeyboard PSCommand_Get-HPEiLOPersistentMouseKeyboard PSCmdlet_Get-HPEiLOPhysicalSecurity PSCommand_Get-HPEiLOPhysicalSecurity PSCmdlet_Get-HPEiLOPostSetting PSCommand_Get-HPEiLOPostSetting PSCmdlet_Get-HPEiLOPowerCapSetting PSCommand_Get-HPEiLOPowerCapSetting PSCmdlet_Get-HPEiLOPowerMeter PSCommand_Get-HPEiLOPowerMeter PSCmdlet_Get-HPEiLOPowerOnTime PSCommand_Get-HPEiLOPowerOnTime PSCmdlet_Get-HPEiLOPowerReading PSCommand_Get-HPEiLOPowerReading PSCmdlet_Get-HPEiLOPowerRegulatorSetting PSCommand_Get-HPEiLOPowerRegulatorSetting PSCmdlet_Get-HPEiLOPowerSupply PSCommand_Get-HPEiLOPowerSupply PSCmdlet_Get-HPEiLOProcessor PSCommand_Get-HPEiLOProcessor PSCmdlet_Get-HPEiLOProcessorJitterControl PSCommand_Get-HPEiLOProcessorJitterControl PSCmdlet_Get-HPEiLOProfile PSCommand_Get-HPEiLOProfile PSCmdlet_Get-HPEiLOProfileApplyResult PSCommand_Get-HPEiLOProfileApplyResult PSCmdlet_Get-HPEiLORackSetting PSCommand_Get-HPEiLORackSetting PSCmdlet_Get-HPEiLORedfishMessageInfo PSCommand_Get-HPEiLORedfishMessageInfo PSCmdlet_Get-HPEiLORemoteSupportServiceEventLog PSCommand_Get-HPEiLORemoteSupportServiceEventLog PSCmdlet_Get-HPEiLORemoteSupportSetting PSCommand_Get-HPEiLORemoteSupportSetting PSCmdlet_Get-HPEiLORemoteSyslog PSCommand_Get-HPEiLORemoteSyslog PSCmdlet_Get-HPEiLORepositoryComponent PSCommand_Get-HPEiLORepositoryComponent PSCmdlet_Get-HPEiLORestAPIState PSCommand_Get-HPEiLORestAPIState PSCmdlet_Get-HPEiLOSecureBoot PSCommand_Get-HPEiLOSecureBoot PSCmdlet_Get-HPEiLOSecureSystemEraseStatus PSCommand_Get-HPEiLOSecureSystemEraseStatus PSCmdlet_Get-HPEiLOSecurityDashboardInfo PSCommand_Get-HPEiLOSecurityDashboardInfo PSCmdlet_Get-HPEiLOSecurityLog PSCommand_Get-HPEiLOSecurityLog PSCmdlet_Get-HPEiLOSelfTestResult PSCommand_Get-HPEiLOSelfTestResult PSCmdlet_Get-HPEiLOServerInfo PSCommand_Get-HPEiLOServerInfo PSCmdlet_Get-HPEiLOServerPower PSCommand_Get-HPEiLOServerPower PSCmdlet_Get-HPEiLOServerPowerRestoreSetting PSCommand_Get-HPEiLOServerPowerRestoreSetting PSCmdlet_Get-HPEiLOServerSoftwareInventory PSCommand_Get-HPEiLOServerSoftwareInventory PSCmdlet_Get-HPEiLOServerWorkloadInfo PSCommand_Get-HPEiLOServerWorkloadInfo PSCmdlet_Get-HPEiLOServicePort PSCommand_Get-HPEiLOServicePort PSCmdlet_Get-HPEiLOSessionInfo PSCommand_Get-HPEiLOSessionInfo PSCmdlet_Get-HPEiLOSmartArrayStorageController PSCommand_Get-HPEiLOSmartArrayStorageController PSCmdlet_Get-HPEiLOSmartStorageBattery PSCommand_Get-HPEiLOSmartStorageBattery PSCmdlet_Get-HPEiLOSMHFQDN PSCommand_Get-HPEiLOSMHFQDN PSCmdlet_Get-HPEiLOSNMPAlertDestination PSCommand_Get-HPEiLOSNMPAlertDestination PSCmdlet_Get-HPEiLOSNMPAlertSetting PSCommand_Get-HPEiLOSNMPAlertSetting PSCmdlet_Get-HPEiLOSNMPPowerAlertThreshold PSCommand_Get-HPEiLOSNMPPowerAlertThreshold PSCmdlet_Get-HPEiLOSNMPSetting PSCommand_Get-HPEiLOSNMPSetting PSCmdlet_Get-HPEiLOSNMPv3Setting PSCommand_Get-HPEiLOSNMPv3Setting PSCmdlet_Get-HPEiLOSNMPv3User PSCommand_Get-HPEiLOSNMPv3User PSCmdlet_Get-HPEiLOSNTPSetting PSCommand_Get-HPEiLOSNTPSetting PSCmdlet_Get-HPEiLOSpatial PSCommand_Get-HPEiLOSpatial PSCmdlet_Get-HPEiLOSSLCertificateInfo PSCommand_Get-HPEiLOSSLCertificateInfo PSCmdlet_Get-HPEiLOSSOSetting PSCommand_Get-HPEiLOSSOSetting PSCmdlet_Get-HPEiLOSystemDiagnosticsModeSetting PSCommand_Get-HPEiLOSystemDiagnosticsModeSetting PSCmdlet_Get-HPEiLOSystemInfo PSCommand_Get-HPEiLOSystemInfo PSCmdlet_Get-HPEiLOSystemMaintenanceSwitch PSCommand_Get-HPEiLOSystemMaintenanceSwitch PSCmdlet_Get-HPEiLOTemperature PSCommand_Get-HPEiLOTemperature PSCmdlet_Get-HPEiLOTPMStatus PSCommand_Get-HPEiLOTPMStatus PSCmdlet_Get-HPEiLOUIDStatus PSCommand_Get-HPEiLOUIDStatus PSCmdlet_Get-HPEiLOUSBDevice PSCommand_Get-HPEiLOUSBDevice PSCmdlet_Get-HPEiLOUser PSCommand_Get-HPEiLOUser PSCmdlet_Get-HPEiLOUserCertificateMapping PSCommand_Get-HPEiLOUserCertificateMapping PSCmdlet_Get-HPEiLOVirtualMediaStatus PSCommand_Get-HPEiLOVirtualMediaStatus PSCmdlet_Import-HPEiLOCertificate PSCommand_Import-HPEiLOCertificate PSCmdlet_Import-HPEiLOLDAPCACertificate PSCommand_Import-HPEiLOLDAPCACertificate PSCmdlet_Import-HPEiLOUserSSHKey PSCommand_Import-HPEiLOUserSSHKey PSCmdlet_Invoke-HPEiLOFirmwareVerificationScan PSCommand_Invoke-HPEiLOFirmwareVerificationScan PSCmdlet_Invoke-HPEiLOInstallSet PSCommand_Invoke-HPEiLOInstallSet PSCmdlet_Invoke-HPEiLOProfileApply PSCommand_Invoke-HPEiLOProfileApply PSCmdlet_Invoke-HPEiLOProfileDownload PSCommand_Invoke-HPEiLOProfileDownload PSCmdlet_Invoke-HPEiLORepositoryComponent PSCommand_Invoke-HPEiLORepositoryComponent PSCmdlet_Invoke-HPEiLOSecureSystemErase PSCommand_Invoke-HPEiLOSecureSystemErase PSCmdlet_Invoke-HPEiLOSNMPTestTrap PSCommand_Invoke-HPEiLOSNMPTestTrap PSCmdlet_Mount-HPEiLOVirtualMedia PSCommand_Mount-HPEiLOVirtualMedia PSCmdlet_Read-HPEiLOSMBIOSRecord PSCommand_Read-HPEiLOSMBIOSRecord PSCmdlet_Register-HPEiLORemoteSupportSetting PSCommand_Register-HPEiLORemoteSupportSetting PSCmdlet_Remove-HPEiLOCertificateRevocationList PSCommand_Remove-HPEiLOCertificateRevocationList PSCmdlet_Remove-HPEiLODirectoryGroup PSCommand_Remove-HPEiLODirectoryGroup PSCmdlet_Remove-HPEiLOFederationGroup PSCommand_Remove-HPEiLOFederationGroup PSCmdlet_Remove-HPEiLOInstallationTaskQueue PSCommand_Remove-HPEiLOInstallationTaskQueue PSCmdlet_Remove-HPEiLOInstallSet PSCommand_Remove-HPEiLOInstallSet PSCmdlet_Remove-HPEiLOLanguagePack PSCommand_Remove-HPEiLOLanguagePack PSCmdlet_Remove-HPEiLOMaintenanceWindow PSCommand_Remove-HPEiLOMaintenanceWindow PSCmdlet_Remove-HPEiLOProfile PSCommand_Remove-HPEiLOProfile PSCmdlet_Remove-HPEiLORepositoryComponent PSCommand_Remove-HPEiLORepositoryComponent PSCmdlet_Remove-HPEiLOSNMPAlertDestination PSCommand_Remove-HPEiLOSNMPAlertDestination PSCmdlet_Remove-HPEiLOSNMPv3User PSCommand_Remove-HPEiLOSNMPv3User PSCmdlet_Remove-HPEiLOSSORecord PSCommand_Remove-HPEiLOSSORecord PSCmdlet_Remove-HPEiLOUser PSCommand_Remove-HPEiLOUser PSCmdlet_Remove-HPEiLOUserCertificateMapping PSCommand_Remove-HPEiLOUserCertificateMapping PSCmdlet_Remove-HPEiLOUserSSHKey PSCommand_Remove-HPEiLOUserSSHKey PSCmdlet_Reset-HPEiLO PSCommand_Reset-HPEiLO PSCmdlet_Reset-HPEiLOSecureBootKey PSCommand_Reset-HPEiLOSecureBootKey PSCmdlet_Reset-HPEiLOSystemDefault PSCommand_Reset-HPEiLOSystemDefault PSCmdlet_Reset-HPEiLOSystemManufacturingDefault PSCommand_Reset-HPEiLOSystemManufacturingDefault PSCmdlet_Restore-HPEiLOSetting PSCommand_Restore-HPEiLOSetting PSCmdlet_Save-HPEiLOAHSLog PSCommand_Save-HPEiLOAHSLog PSCmdlet_Send-HPEiLORemoteSupportAHSSubmission PSCommand_Send-HPEiLORemoteSupportAHSSubmission PSCmdlet_Send-HPEiLORemoteSupportDataCollectionInfo PSCommand_Send-HPEiLORemoteSupportDataCollectionInfo PSCmdlet_Send-HPEiLORemoteSupportTestEvent PSCommand_Send-HPEiLORemoteSupportTestEvent PSCmdlet_Send-HPEiLORemoteSyslog PSCommand_Send-HPEiLORemoteSyslog PSCmdlet_Send-HPEiLOSystemRecoveryEvent PSCommand_Send-HPEiLOSystemRecoveryEvent PSCmdlet_Send-HPEiLOTestAlertMail PSCommand_Send-HPEiLOTestAlertMail PSCmdlet_Set-HPEiLOAccessSetting PSCommand_Set-HPEiLOAccessSetting PSCmdlet_Set-HPEiLOAdministratorPassword PSCommand_Set-HPEiLOAdministratorPassword PSCmdlet_Set-HPEiLOAHSStatus PSCommand_Set-HPEiLOAHSStatus PSCmdlet_Set-HPEiLOAlertMailSetting PSCommand_Set-HPEiLOAlertMailSetting PSCmdlet_Set-HPEiLOAssetTag PSCommand_Set-HPEiLOAssetTag PSCmdlet_Set-HPEiLOBatteryBackUpUnit PSCommand_Set-HPEiLOBatteryBackUpUnit PSCmdlet_Set-HPEiLOBootMode PSCommand_Set-HPEiLOBootMode PSCmdlet_Set-HPEiLOBrownout PSCommand_Set-HPEiLOBrownout PSCmdlet_Set-HPEiLOCACSmartCardAuthentication PSCommand_Set-HPEiLOCACSmartCardAuthentication PSCmdlet_Set-HPEiLOChassisPowerCapSetting PSCommand_Set-HPEiLOChassisPowerCapSetting PSCmdlet_Set-HPEiLOChassisPowerRegulatorSetting PSCommand_Set-HPEiLOChassisPowerRegulatorSetting PSCmdlet_Set-HPEiLOChassisPowerZoneConfiguration PSCommand_Set-HPEiLOChassisPowerZoneConfiguration PSCmdlet_Set-HPEiLOComputerLockConfiguration PSCommand_Set-HPEiLOComputerLockConfiguration PSCmdlet_Set-HPEiLOCriticalTemperatureAction PSCommand_Set-HPEiLOCriticalTemperatureAction PSCmdlet_Set-HPEiLODirectoryGroup PSCommand_Set-HPEiLODirectoryGroup PSCmdlet_Set-HPEiLODirectorySetting PSCommand_Set-HPEiLODirectorySetting PSCmdlet_Set-HPEiLOEncryptionSetting PSCommand_Set-HPEiLOEncryptionSetting PSCmdlet_Set-HPEiLOESKMSetting PSCommand_Set-HPEiLOESKMSetting PSCmdlet_Set-HPEiLOFactoryDefault PSCommand_Set-HPEiLOFactoryDefault PSCmdlet_Set-HPEiLOFederationGroup PSCommand_Set-HPEiLOFederationGroup PSCmdlet_Set-HPEiLOFederationMulticast PSCommand_Set-HPEiLOFederationMulticast PSCmdlet_Set-HPEiLOFirmwarePolicy PSCommand_Set-HPEiLOFirmwarePolicy PSCmdlet_Set-HPEiLOFirmwareVerificationScanSetting PSCommand_Set-HPEiLOFirmwareVerificationScanSetting PSCmdlet_Set-HPEiLOHotKeyConfig PSCommand_Set-HPEiLOHotKeyConfig PSCmdlet_Set-HPEiLOIntegratedRemoteConsoleTrustSetting PSCommand_Set-HPEiLOIntegratedRemoteConsoleTrustSetting PSCmdlet_Set-HPEiLOIPv4NetworkSetting PSCommand_Set-HPEiLOIPv4NetworkSetting PSCmdlet_Set-HPEiLOIPv6NetworkSetting PSCommand_Set-HPEiLOIPv6NetworkSetting PSCmdlet_Set-HPEiLOKerberosConfig PSCommand_Set-HPEiLOKerberosConfig PSCmdlet_Set-HPEiLOLanguage PSCommand_Set-HPEiLOLanguage PSCmdlet_Set-HPEiLOLicense PSCommand_Set-HPEiLOLicense PSCmdlet_Set-HPEiLOLoginSecurityBanner PSCommand_Set-HPEiLOLoginSecurityBanner PSCmdlet_Set-HPEiLOMaintenanceWindow PSCommand_Set-HPEiLOMaintenanceWindow PSCmdlet_Set-HPEiLOOneTimeBootOption PSCommand_Set-HPEiLOOneTimeBootOption PSCmdlet_Set-HPEiLOPerformanceAlertSetting PSCommand_Set-HPEiLOPerformanceAlertSetting PSCmdlet_Set-HPEiLOPersistentBootOrder PSCommand_Set-HPEiLOPersistentBootOrder PSCmdlet_Set-HPEiLOPersistentMouseKeyboard PSCommand_Set-HPEiLOPersistentMouseKeyboard PSCmdlet_Set-HPEiLOPostSetting PSCommand_Set-HPEiLOPostSetting PSCmdlet_Set-HPEiLOPowerCapSetting PSCommand_Set-HPEiLOPowerCapSetting PSCmdlet_Set-HPEiLOPowerRegulatorSetting PSCommand_Set-HPEiLOPowerRegulatorSetting PSCmdlet_Set-HPEiLOProcessorJitterControl PSCommand_Set-HPEiLOProcessorJitterControl PSCmdlet_Set-HPEiLOProxy PSCommand_Set-HPEiLOProxy PSCmdlet_Set-HPEiLORemoteSupportSetting PSCommand_Set-HPEiLORemoteSupportSetting PSCmdlet_Set-HPEiLORemoteSyslog PSCommand_Set-HPEiLORemoteSyslog PSCmdlet_Set-HPEiLORepositoryComponent PSCommand_Set-HPEiLORepositoryComponent PSCmdlet_Set-HPEiLOSecureBoot PSCommand_Set-HPEiLOSecureBoot PSCmdlet_Set-HPEiLOServerPower PSCommand_Set-HPEiLOServerPower PSCmdlet_Set-HPEiLOServerPowerRestoreSetting PSCommand_Set-HPEiLOServerPowerRestoreSetting PSCmdlet_Set-HPEiLOServicePort PSCommand_Set-HPEiLOServicePort PSCmdlet_Set-HPEiLOSMHFQDN PSCommand_Set-HPEiLOSMHFQDN PSCmdlet_Set-HPEiLOSNMPAlertDestination PSCommand_Set-HPEiLOSNMPAlertDestination PSCmdlet_Set-HPEiLOSNMPAlertSetting PSCommand_Set-HPEiLOSNMPAlertSetting PSCmdlet_Set-HPEiLOSNMPPowerAlertThreshold PSCommand_Set-HPEiLOSNMPPowerAlertThreshold PSCmdlet_Set-HPEiLOSNMPSetting PSCommand_Set-HPEiLOSNMPSetting PSCmdlet_Set-HPEiLOSNMPv3Setting PSCommand_Set-HPEiLOSNMPv3Setting PSCmdlet_Set-HPEiLOSNMPv3User PSCommand_Set-HPEiLOSNMPv3User PSCmdlet_Set-HPEiLOSNTPSetting PSCommand_Set-HPEiLOSNTPSetting PSCmdlet_Set-HPEiLOSSOSetting PSCommand_Set-HPEiLOSSOSetting PSCmdlet_Set-HPEiLOUIDStatus PSCommand_Set-HPEiLOUIDStatus PSCmdlet_Set-HPEiLOUser PSCommand_Set-HPEiLOUser PSCmdlet_Set-HPEiLOVirtualMediaStatus PSCommand_Set-HPEiLOVirtualMediaStatus PSCmdlet_Start-HPEiLOCertificateSigningRequest PSCommand_Start-HPEiLOCertificateSigningRequest PSCmdlet_Start-HPEiLOChassisPowerCalibrationConfiguration PSCommand_Start-HPEiLOChassisPowerCalibrationConfiguration PSCmdlet_Start-HPEiLODirectorySettingTest PSCommand_Start-HPEiLODirectorySettingTest PSCmdlet_Stop-HPEiLODirectorySettingTest PSCommand_Stop-HPEiLODirectorySettingTest PSCmdlet_Test-HPEiLOESKMConnection PSCommand_Test-HPEiLOESKMConnection PSCmdlet_Unregister-HPEiLORemoteSupportSetting PSCommand_Unregister-HPEiLORemoteSupportSetting PSCmdlet_Update-HPEiLOFirmware PSCommand_Update-HPEiLOFirmware PSCmdlet_Get-HPEiLOMaxThreadLimit PSCommand_Get-HPEiLOMaxThreadLimit PSCmdlet_Get-HPEiLOModuleVersion PSCommand_Get-HPEiLOModuleVersion PSCmdlet_Set-HPEiLOMaxThreadLimit PSCommand_Set-HPEiLOMaxThreadLimit PSCmdlet_Clear-HPEiLOLog PSCommand_Clear-HPEiLOLog PSCmdlet_Disable-HPEiLOLog PSCommand_Disable-HPEiLOLog PSCmdlet_Enable-HPEiLOLog PSCommand_Enable-HPEiLOLog PSCmdlet_Get-HPEiLOLogConfig PSCommand_Get-HPEiLOLogConfig PSCmdlet_Set-HPEiLOLogConfig PSCommand_Set-HPEiLOLogConfig PSCmdlet_Connect-HPEiLO PSCommand_Connect-HPEiLO PSCmdlet_Disconnect-HPEiLO PSCommand_Disconnect-HPEiLO PSCmdlet_Test-HPEiLOConnection PSCommand_Test-HPEiLOConnection PSIncludes_Cmdlet</S>
          <S N="developmentDependency">False</S>
          <S N="updated">2022-11-24T07:25:08Z</S>
          <S N="NormalizedVersion">3.3.0</S>
          <S N="Authors">Hewlett Packard Enterprise Co.</S>
          <S N="IsPrerelease">false</S>
          <S N="ItemType">Module</S>
          <S N="FileList">HPEiLOCmdlets.nuspec|HPEiLOCmdlets_4D93D4CF-72B1-4D1A-A247-BEF198BEBF96_HelpInfo.xml|AutoMapper.dll|HPEiLOCmdlets_4D93D4CF-72B1-4D1A-A247-BEF198BEBF96_ModuleInfo.xml|license.txt|log4net.dll|System.Reflection.TypeExtensions.dll|ja-JP\HPEiLOCmdlets.dll-help.xml|zh-CN\HPEiLOCmdlets.dll-help.xml|DeepCloner.dll|HPEiLOCmdlets.psd1|Log4Net.config|Newtonsoft.Json.dll|en-US\HPEiLOCmdlets.dll-help.xml|ja-JP\HPEiLOCmdlets.resources.dll|zh-CN\HPEiLOCmdlets.resources.dll|HPEiLOCmdlets.dll</S>
          <S N="GUID">4D93D4CF-72B1-4D1A-A247-BEF198BEBF96</S>
          <S N="PowerShellVersion">3.0</S>
          <S N="DotNetFrameworkVersion">4.7.1</S>
          <S N="CLRVersion">4.0</S>
          <S N="CompanyName">Hewlett Packard Enterprise Co.</S>
        </MS>
      </Obj>
      <S N="InstalledLocation">C:\Users\gautamd\Documents\PowerShell\Modules\HPEiLOCmdlets\3.3.0.0</S>
    </MS>
  </Obj>
</Objs>
